{"Sundet": [59.1548689, 10.0506652], "Emden": [53.3670541, 7.2058304], "Muiden": [52.3301851, 5.0692658], "Hamborg": [53.550341, 10.000654], "Bordeaux": [44.841225, -0.5800364], "Lith": [55.9725499, -3.1709492], "Livorno": [42.79021905, 10.340281392353766], "Rugenwalde": [54.42914965, 16.403846355275693], "Lieth": [54.1553871, 9.060752], "Newcastle": [54.9738474, -1.6131572], "Engelland": [52.5256215, 6.2507379], "Roan": [49.4404591, 1.0939658], "Westeras": [62.1006371, 7.2180364], "Antwerpen": [51.2211097, 4.3997081], "Gent": [51.0538286, 3.7250121], "Pillau": [54.6437214, 19.8941584], "Sneek": [53.033548, 5.6611029], "Triest": [45.6496485, 13.7772781], "Norge": [60.5000209, 9.0999715], "Diep.": [49.9246182, 1.0791444], "Gottenborg": [60.90282825, 11.806039272147798], "Topsham": [50.6850732, -3.4658063], "Amsterdam": [52.3727598, 4.8936041], "Ramsgate": [51.3334726, 1.4196476], "Colberg": [54.1769143, 15.575963855136287], "Malm\u00f8e": [55.6052931, 13.0001566], "Klaip\u0117da": [55.7127529, 21.1350469], "Hull": [53.7435722, -0.3394758], "Konigsberg": [54.710128, 20.5105838], "Bremen": [53.0758196, 8.8071646], "Petersburg": [59.917857350000006, 30.380619357025516], "Copenhagen": [55.6867243, 12.5700724], "London": [51.5073219, -0.1276474], "Stettin": [53.42968095, 14.592912670292268], "Greifswald": [54.095791, 13.3815238], "Lissabon": [38.7077507, -9.1365919], "Dundee": [56.4605938, -2.97019], "Riga": [56.9493977, 24.1051846], "Hiem": [20.085617499999998, 103.33268393985796], "Rouan": [49.4404591, 1.0939658], "Stockholm": [59.3251172, 18.0710935], "Danzig": [54.36119285, 18.62860883362069]}