{"Westeras": [62.1006371, 7.2180364], "Der Memel": [51.4183107, 6.9088288], "Copenhagen": [55.6867243, 12.5700724], "Stockholm": [59.3251172, 18.0710935], "Trondheim": [63.4305658, 10.3951929], "Stolpe": [53.359296, 11.7411376], "London": [51.5073219, -0.1276474], "Konigsberg": [54.710128, 20.5105838], "Cassuben": [54.5046575, 22.5152853], "Antwerpen": [51.2211097, 4.3997081], "Memel": [55.7127529, 21.1350469], "Engelland": [52.5256215, 6.2507379], "Sneek": [53.033548, 5.6611029], "Gottenborg": [60.90282825, 11.806039272147798], "Newcastle": [54.9738474, -1.6131572], "Ramsgate": [51.3334726, 1.4196476], "Liebau": [49.8766994, 17.0826722], "Carlshavn": [73.7716667, -20.4766667], "Arbroath": [56.5586729, -2.5815669], "Greifswald": [54.095791, 13.3815238], "Leeuwarden": [53.2005936, 5.7918548], "Roan": [49.4404591, 1.0939658], "Petersburg": [59.917857350000006, 30.380619357025516], "Topsham": [50.6850732, -3.4658063], "Emden": [53.3670541, 7.2058304], "Stettin": [53.42968095, 14.592912670292268], "Hiem": [20.085617499999998, 103.33268393985796], "Sundet": [59.1548689, 10.0506652], "Hobro": [56.6371753, 9.7939799], "Colberg": [54.1769143, 15.575963855136287], "Dundee": [56.4605938, -2.97019], "Montrose": [38.4375391, -108.2403855], "Rotterdam": [51.9244424, 4.47775], "Hull": [53.7435722, -0.3394758], "Dublin": [53.3497645, -6.2602732], "Pillau": [54.6437214, 19.8941584], "Der Liebau": [50.6839358, 16.0179624], "Lissabon": [38.7077507, -9.1365919], "Riga": [56.9493977, 24.1051846], "Rugenwalde": [54.42914965, 16.403846355275693], "Lieth": [54.1553871, 9.060752], "Amsterdam": [52.3727598, 4.8936041], "Malm\u00f8e": [55.6052931, 13.0001566], "Bremen": [53.0758196, 8.8071646], "Pilau": [54.6437214, 19.8941584], "Norge": [60.5000209, 9.0999715], "K.hafn": [51.5405768, -3.2640185], "Edinburgh": [55.9533456, -3.1883749], "Bordeaux": [44.841225, -0.5800364], "Dunkirk": [51.0347708, 2.3772525], "Middelburg": [51.4997302, 3.6136962], "Calmar": [53.26129675, -113.81142477875181], "Gent": [51.0538286, 3.7250121], "Danzig": [54.36119285, 18.62860883362069], "Her": [34.1577182, 62.2905676], "Muiden": [52.3301851, 5.0692658], "Straet": [64.9288343, 20.67328106574074], "Livorno": [42.79021905, 10.340281392353766], "Vedb\u00e6k": [55.8540912, 12.5653124], "Diep.": [49.9246182, 1.0791444], "Helsing\u00f8r": [56.0348739, 12.6130073], "Holbeck": [53.7864738, -1.5579522], "Nordon": [-38.00353045, 175.95785260835657], "Rouan": [49.4404591, 1.0939658], "Lith": [55.9725499, -3.1709492], "Randers": [56.4355428, 10.0425957], "Triest": [45.6496485, 13.7772781], "Landskrona": [55.8698007, 12.8296734], "Marseille": [43.2961743, 5.3699525], "Hamborg": [53.550341, 10.000654]}